[
  {
    "id": "/subscriptions/3ef5bd41-6264-4097-a0b2-bfcaf57a5648/resourceGroups/xamarin/providers/Microsoft.Resources/deployments/Microsoft.SQLDatabase.newDatabaseNewServer_56b7bd7a8f5d4da197a6e/operations/DA69BD2C20F975C6",
    "operationId": "DA69BD2C20F975C6",
    "properties": {
      "provisioningOperation": "Create",
      "provisioningState": "Succeeded",
      "timestamp": "2020-07-24T06:46:39.0594704Z",
      "duration": "PT52.4204548S",
      "trackingId": "4346796d-b1a8-400f-a0ed-9642c4a87eb5",
      "statusCode": "Created",
      "targetResource": {
        "id": "/subscriptions/3ef5bd41-6264-4097-a0b2-bfcaf57a5648/resourceGroups/xamarin/providers/Microsoft.Sql/servers/xamarindatos/databases/axeso",
        "resourceType": "Microsoft.Sql/servers/databases",
        "resourceName": "xamarindatos/axeso"
      }
    }
  },
  {
    "id": "/subscriptions/3ef5bd41-6264-4097-a0b2-bfcaf57a5648/resourceGroups/xamarin/providers/Microsoft.Resources/deployments/Microsoft.SQLDatabase.newDatabaseNewServer_56b7bd7a8f5d4da197a6e/operations/E26C5BF3EE40202A",
    "operationId": "E26C5BF3EE40202A",
    "properties": {
      "provisioningOperation": "Create",
      "provisioningState": "Succeeded",
      "timestamp": "2020-07-24T06:45:47.6147077Z",
      "duration": "PT0.9756921S",
      "trackingId": "4e8ae0a4-4cdb-40ab-8fd4-c4af155ad314",
      "statusCode": "Created",
      "targetResource": {
        "id": "/subscriptions/3ef5bd41-6264-4097-a0b2-bfcaf57a5648/resourceGroups/xamarin/providers/Microsoft.Sql/servers/xamarindatos/firewallrules/ClientIp-2020-7-24_1-44-49",
        "resourceType": "Microsoft.Sql/servers/firewallrules",
        "resourceName": "xamarindatos/ClientIp-2020-7-24_1-44-49"
      }
    }
  },
  {
    "id": "/subscriptions/3ef5bd41-6264-4097-a0b2-bfcaf57a5648/resourceGroups/xamarin/providers/Microsoft.Resources/deployments/Microsoft.SQLDatabase.newDatabaseNewServer_56b7bd7a8f5d4da197a6e/operations/CB4F8F5F90AD81DF",
    "operationId": "CB4F8F5F90AD81DF",
    "properties": {
      "provisioningOperation": "Create",
      "provisioningState": "Succeeded",
      "timestamp": "2020-07-24T06:45:47.4595916Z",
      "duration": "PT0.820576S",
      "trackingId": "105b7a71-3625-4d47-99ca-f7e9852d3d1d",
      "statusCode": "Created",
      "targetResource": {
        "id": "/subscriptions/3ef5bd41-6264-4097-a0b2-bfcaf57a5648/resourceGroups/xamarin/providers/Microsoft.Sql/servers/xamarindatos/firewallrules/AllowAllWindowsAzureIps",
        "resourceType": "Microsoft.Sql/servers/firewallrules",
        "resourceName": "xamarindatos/AllowAllWindowsAzureIps"
      }
    }
  },
  {
    "id": "/subscriptions/3ef5bd41-6264-4097-a0b2-bfcaf57a5648/resourceGroups/xamarin/providers/Microsoft.Resources/deployments/Microsoft.SQLDatabase.newDatabaseNewServer_56b7bd7a8f5d4da197a6e/operations/65604C0B05562D49",
    "operationId": "65604C0B05562D49",
    "properties": {
      "provisioningOperation": "Read",
      "provisioningState": "Succeeded",
      "timestamp": "2020-07-24T06:45:47.12669Z",
      "duration": "PT52.2839079S",
      "trackingId": "e432f588-7ed6-47ab-8b0e-4fdabc10e1f6",
      "statusCode": "OK",
      "targetResource": {
        "id": "/subscriptions/3ef5bd41-6264-4097-a0b2-bfcaf57a5648/resourceGroups/xamarin/providers/Microsoft.Sql/servers/xamarindatos",
        "resourceType": "Microsoft.Sql/servers",
        "resourceName": "xamarindatos",
        "apiVersion": "2018-06-01-preview"
      }
    }
  },
  {
    "id": "/subscriptions/3ef5bd41-6264-4097-a0b2-bfcaf57a5648/resourceGroups/xamarin/providers/Microsoft.Resources/deployments/Microsoft.SQLDatabase.newDatabaseNewServer_56b7bd7a8f5d4da197a6e/operations/08E3C68C1FD7AE76",
    "operationId": "08E3C68C1FD7AE76",
    "properties": {
      "provisioningOperation": "Create",
      "provisioningState": "Succeeded",
      "timestamp": "2020-07-24T06:45:46.2957627Z",
      "duration": "PT51.4529806S",
      "trackingId": "e2a7034b-f54b-43c3-9198-238f5d93eb7f",
      "statusCode": "Created",
      "targetResource": {
        "id": "/subscriptions/3ef5bd41-6264-4097-a0b2-bfcaf57a5648/resourceGroups/xamarin/providers/Microsoft.Sql/servers/xamarindatos",
        "resourceType": "Microsoft.Sql/servers",
        "resourceName": "xamarindatos"
      }
    }
  },
  {
    "id": "/subscriptions/3ef5bd41-6264-4097-a0b2-bfcaf57a5648/resourceGroups/xamarin/providers/Microsoft.Resources/deployments/Microsoft.SQLDatabase.newDatabaseNewServer_56b7bd7a8f5d4da197a6e/operations/08586060337920263604",
    "operationId": "08586060337920263604",
    "properties": {
      "provisioningOperation": "EvaluateDeploymentOutput",
      "provisioningState": "Succeeded",
      "timestamp": "2020-07-24T06:46:40.3282602Z",
      "duration": "PT0.4358397S",
      "trackingId": "60fa8f3f-7f7a-4d2c-bd25-60d03c497b65",
      "statusCode": "OK"
    }
  }
]