{
  "id": "/subscriptions/3ef5bd41-6264-4097-a0b2-bfcaf57a5648/resourceGroups/xamarin/providers/Microsoft.Resources/deployments/Microsoft.SQLDatabase.newDatabaseNewServer_56b7bd7a8f5d4da197a6e",
  "name": "Microsoft.SQLDatabase.newDatabaseNewServer_56b7bd7a8f5d4da197a6e",
  "type": "Microsoft.Resources/deployments",
  "tags": {
    "primaryResourceId": "/subscriptions/3ef5bd41-6264-4097-a0b2-bfcaf57a5648/resourceGroups/xamarin/providers/Microsoft.Sql/servers/xamarindatos/databases/axeso",
    "marketplaceItemId": "Microsoft.SQLDatabase"
  },
  "properties": {
    "templateHash": "1485464395500262177",
    "parameters": {
      "administratorLogin": {
        "type": "String",
        "value": "axesousuario"
      },
      "administratorLoginPassword": {
        "type": "SecureString"
      },
      "collation": {
        "type": "String",
        "value": "SQL_Latin1_General_CP1_CI_AS"
      },
      "databaseName": {
        "type": "String",
        "value": "axeso"
      },
      "tier": {
        "type": "String",
        "value": "Standard"
      },
      "skuName": {
        "type": "String",
        "value": "S0"
      },
      "location": {
        "type": "String",
        "value": "southcentralus"
      },
      "maxSizeBytes": {
        "type": "Int",
        "value": 268435456000
      },
      "serverName": {
        "type": "String",
        "value": "xamarindatos"
      },
      "sampleName": {
        "type": "String",
        "value": ""
      },
      "zoneRedundant": {
        "type": "Bool",
        "value": false
      },
      "licenseType": {
        "type": "String",
        "value": ""
      },
      "readScaleOut": {
        "type": "String",
        "value": "Disabled"
      },
      "numberOfReplicas": {
        "type": "Int",
        "value": 0
      },
      "minCapacity": {
        "type": "String",
        "value": ""
      },
      "autoPauseDelay": {
        "type": "String",
        "value": ""
      },
      "enableADS": {
        "type": "Bool",
        "value": false
      },
      "allowAzureIps": {
        "type": "Bool",
        "value": true
      },
      "databaseTags": {
        "type": "Object",
        "value": {}
      },
      "serverTags": {
        "type": "Object",
        "value": {}
      },
      "enableVA": {
        "type": "Bool",
        "value": false
      },
      "useVAManagedIdentity": {
        "type": "Bool",
        "value": false
      },
      "enablePrivateEndpoint": {
        "type": "Bool",
        "value": false
      },
      "privateEndpointNestedTemplateId": {
        "type": "String",
        "value": "pe-f24ad406-27fe-4a23-9189-acc690c77011"
      },
      "privateEndpointSubscriptionId": {
        "type": "String",
        "value": ""
      },
      "privateEndpointResourceGroup": {
        "type": "String",
        "value": ""
      },
      "privateEndpointName": {
        "type": "String",
        "value": ""
      },
      "privateEndpointLocation": {
        "type": "String",
        "value": ""
      },
      "privateEndpointSubnetId": {
        "type": "String",
        "value": ""
      },
      "privateLinkServiceName": {
        "type": "String",
        "value": ""
      },
      "privateLinkServiceServiceId": {
        "type": "String",
        "value": ""
      },
      "privateEndpointVnetSubscriptionId": {
        "type": "String",
        "value": ""
      },
      "privateEndpointVnetResourceGroup": {
        "type": "String",
        "value": ""
      },
      "privateEndpointVnetName": {
        "type": "String",
        "value": ""
      },
      "privateEndpointSubnetName": {
        "type": "String",
        "value": ""
      },
      "enablePrivateDnsZone": {
        "type": "Bool",
        "value": true
      },
      "privateLinkPrivateDnsZoneFQDN": {
        "type": "String",
        "value": "privatelink.database.windows.net"
      },
      "privateEndpointDnsRecordUniqueId": {
        "type": "String",
        "value": "f24ad406-27fe-4a23-9189-acc690c77014"
      },
      "privateEndpointTemplateLink": {
        "type": "String",
        "value": "https://sqlazureextension.hosting.portal.azure.net/sqlazureextension/Content/2.1.0129748/DeploymentTemplates/PrivateEndpoint.json"
      },
      "privateDnsForPrivateEndpointTemplateLink": {
        "type": "String",
        "value": "https://sqlazureextension.hosting.portal.azure.net/sqlazureextension/Content/2.1.0129748/DeploymentTemplates/PrivateDnsForPrivateEndpoint.json"
      },
      "privateDnsForPrivateEndpointNicTemplateLink": {
        "type": "String",
        "value": "https://sqlazureextension.hosting.portal.azure.net/sqlazureextension/Content/2.1.0129748/DeploymentTemplates/PrivateDnsForPrivateEndpointNic.json"
      },
      "privateDnsForPrivateEndpointIpConfigTemplateLink": {
        "type": "String",
        "value": "https://sqlazureextension.hosting.portal.azure.net/sqlazureextension/Content/2.1.0129748/DeploymentTemplates/PrivateDnsForPrivateEndpointIpConfig.json"
      },
      "allowClientIp": {
        "type": "Bool",
        "value": true
      },
      "clientIpRuleName": {
        "type": "String",
        "value": "ClientIp-2020-7-24_1-44-49"
      },
      "clientIpValue": {
        "type": "String",
        "value": "190.117.184.215"
      }
    },
    "mode": "Incremental",
    "debugSetting": {
      "detailLevel": "None"
    },
    "provisioningState": "Succeeded",
    "timestamp": "2020-07-24T06:46:40.4362765Z",
    "duration": "PT1M46.9849005S",
    "correlationId": "bc143380-57fd-45a4-835a-c5008b2ba7c8",
    "providers": [
      {
        "namespace": "Microsoft.Sql",
        "resourceTypes": [
          {
            "resourceType": "servers",
            "locations": [
              "southcentralus"
            ]
          },
          {
            "resourceType": "servers/databases",
            "locations": [
              "southcentralus"
            ]
          },
          {
            "resourceType": "servers/firewallrules",
            "locations": [
              "southcentralus"
            ]
          }
        ]
      }
    ],
    "dependencies": [
      {
        "dependsOn": [
          {
            "id": "/subscriptions/3ef5bd41-6264-4097-a0b2-bfcaf57a5648/resourceGroups/xamarin/providers/Microsoft.Sql/servers/xamarindatos",
            "resourceType": "Microsoft.Sql/servers",
            "resourceName": "xamarindatos"
          },
          {
            "id": "/subscriptions/3ef5bd41-6264-4097-a0b2-bfcaf57a5648/resourceGroups/xamarin/providers/Microsoft.Storage/storageAccounts/sqlvalr4b3752gdnks",
            "resourceType": "Microsoft.Storage/storageAccounts",
            "resourceName": "sqlvalr4b3752gdnks"
          },
          {
            "id": "/subscriptions/3ef5bd41-6264-4097-a0b2-bfcaf57a5648/resourceGroups/xamarin/providers/Microsoft.Sql/servers/xamarindatos",
            "resourceType": "Microsoft.Sql/servers",
            "resourceName": "xamarindatos",
            "apiVersion": "2018-06-01-preview"
          }
        ],
        "id": "/subscriptions/3ef5bd41-6264-4097-a0b2-bfcaf57a5648/resourceGroups/xamarin/providers/Microsoft.Storage/storageAccounts/sqlvalr4b3752gdnks/providers/Microsoft.Authorization/roleAssignments/5fa2f1fc-9402-5c97-825f-7d8c18bfacbb",
        "resourceType": "Microsoft.Storage/storageAccounts/providers/roleAssignments",
        "resourceName": "sqlvalr4b3752gdnks/Microsoft.Authorization/5fa2f1fc-9402-5c97-825f-7d8c18bfacbb"
      },
      {
        "dependsOn": [
          {
            "id": "/subscriptions/3ef5bd41-6264-4097-a0b2-bfcaf57a5648/resourceGroups/xamarin/providers/Microsoft.Sql/servers/xamarindatos",
            "resourceType": "Microsoft.Sql/servers",
            "resourceName": "xamarindatos"
          }
        ],
        "id": "/subscriptions/3ef5bd41-6264-4097-a0b2-bfcaf57a5648/resourceGroups/xamarin/providers/Microsoft.Sql/servers/xamarindatos/databases/axeso",
        "resourceType": "Microsoft.Sql/servers/databases",
        "resourceName": "xamarindatos/axeso"
      },
      {
        "dependsOn": [
          {
            "id": "/subscriptions/3ef5bd41-6264-4097-a0b2-bfcaf57a5648/resourceGroups/xamarin/providers/Microsoft.Sql/servers/xamarindatos",
            "resourceType": "Microsoft.Sql/servers",
            "resourceName": "xamarindatos"
          }
        ],
        "id": "/subscriptions/3ef5bd41-6264-4097-a0b2-bfcaf57a5648/resourceGroups/xamarin/providers/Microsoft.Sql/servers/xamarindatos/firewallrules/AllowAllWindowsAzureIps",
        "resourceType": "Microsoft.Sql/servers/firewallrules",
        "resourceName": "xamarindatos/AllowAllWindowsAzureIps"
      },
      {
        "dependsOn": [
          {
            "id": "/subscriptions/3ef5bd41-6264-4097-a0b2-bfcaf57a5648/resourceGroups/xamarin/providers/Microsoft.Sql/servers/xamarindatos",
            "resourceType": "Microsoft.Sql/servers",
            "resourceName": "xamarindatos"
          }
        ],
        "id": "/subscriptions/3ef5bd41-6264-4097-a0b2-bfcaf57a5648/resourceGroups/xamarin/providers/Microsoft.Sql/servers/xamarindatos/firewallrules/ClientIp-2020-7-24_1-44-49",
        "resourceType": "Microsoft.Sql/servers/firewallrules",
        "resourceName": "xamarindatos/ClientIp-2020-7-24_1-44-49"
      },
      {
        "dependsOn": [
          {
            "id": "/subscriptions/3ef5bd41-6264-4097-a0b2-bfcaf57a5648/resourceGroups/xamarin/providers/Microsoft.Sql/servers/xamarindatos",
            "resourceType": "Microsoft.Sql/servers",
            "resourceName": "xamarindatos"
          },
          {
            "id": "/subscriptions/3ef5bd41-6264-4097-a0b2-bfcaf57a5648/resourceGroups/xamarin/providers/Microsoft.Sql/servers/xamarindatos/databases/axeso",
            "resourceType": "Microsoft.Sql/servers/databases",
            "resourceName": "xamarindatos/axeso"
          }
        ],
        "id": "/subscriptions/3ef5bd41-6264-4097-a0b2-bfcaf57a5648/resourceGroups/xamarin/providers/Microsoft.Sql/servers/xamarindatos/securityAlertPolicies/Default",
        "resourceType": "Microsoft.Sql/servers/securityAlertPolicies",
        "resourceName": "xamarindatos/Default"
      },
      {
        "dependsOn": [
          {
            "id": "/subscriptions/3ef5bd41-6264-4097-a0b2-bfcaf57a5648/resourceGroups/xamarin/providers/Microsoft.Sql/servers/xamarindatos",
            "resourceType": "Microsoft.Sql/servers",
            "resourceName": "xamarindatos"
          },
          {
            "id": "/subscriptions/3ef5bd41-6264-4097-a0b2-bfcaf57a5648/resourceGroups/xamarin/providers/Microsoft.Storage/storageAccounts/sqlvalr4b3752gdnks",
            "resourceType": "Microsoft.Storage/storageAccounts",
            "resourceName": "sqlvalr4b3752gdnks"
          },
          {
            "id": "/subscriptions/3ef5bd41-6264-4097-a0b2-bfcaf57a5648/resourceGroups/xamarin/providers/Microsoft.Sql/servers/xamarindatos/securityAlertPolicies/Default",
            "resourceType": "Microsoft.Sql/servers/securityAlertPolicies",
            "resourceName": "xamarindatos/Default"
          }
        ],
        "id": "/subscriptions/3ef5bd41-6264-4097-a0b2-bfcaf57a5648/resourceGroups/xamarin/providers/Microsoft.Sql/servers/xamarindatos/vulnerabilityAssessments/Default",
        "resourceType": "Microsoft.Sql/servers/vulnerabilityAssessments",
        "resourceName": "xamarindatos/Default"
      },
      {
        "dependsOn": [
          {
            "id": "/subscriptions/3ef5bd41-6264-4097-a0b2-bfcaf57a5648/resourceGroups/xamarin/providers/Microsoft.Sql/servers/xamarindatos/databases/axeso",
            "resourceType": "Microsoft.Sql/servers/databases",
            "resourceName": "xamarindatos/axeso"
          },
          {
            "id": "/subscriptions/3ef5bd41-6264-4097-a0b2-bfcaf57a5648/resourceGroups/xamarin/providers/Microsoft.Resources/deployments/SubnetPolicies-",
            "resourceType": "Microsoft.Resources/deployments",
            "resourceName": "SubnetPolicies-"
          }
        ],
        "id": "/subscriptions/3ef5bd41-6264-4097-a0b2-bfcaf57a5648/resourceGroups/xamarin/providers/Microsoft.Resources/deployments/PrivateEndpoint-",
        "resourceType": "Microsoft.Resources/deployments",
        "resourceName": "PrivateEndpoint-"
      },
      {
        "dependsOn": [
          {
            "id": "/subscriptions/3ef5bd41-6264-4097-a0b2-bfcaf57a5648/resourceGroups/xamarin/providers/Microsoft.Resources/deployments/PrivateEndpoint-",
            "resourceType": "Microsoft.Resources/deployments",
            "resourceName": "PrivateEndpoint-"
          }
        ],
        "id": "/subscriptions/3ef5bd41-6264-4097-a0b2-bfcaf57a5648/resourceGroups/xamarin/providers/Microsoft.Resources/deployments/PrivateDns-pe-f24ad406-27fe-4a23-9189-acc690c77011",
        "resourceType": "Microsoft.Resources/deployments",
        "resourceName": "PrivateDns-pe-f24ad406-27fe-4a23-9189-acc690c77011"
      }
    ],
    "outputResources": [
      {
        "id": "/subscriptions/3ef5bd41-6264-4097-a0b2-bfcaf57a5648/resourceGroups/xamarin/providers/Microsoft.Sql/servers/xamarindatos"
      },
      {
        "id": "/subscriptions/3ef5bd41-6264-4097-a0b2-bfcaf57a5648/resourceGroups/xamarin/providers/Microsoft.Sql/servers/xamarindatos/databases/axeso"
      },
      {
        "id": "/subscriptions/3ef5bd41-6264-4097-a0b2-bfcaf57a5648/resourceGroups/xamarin/providers/Microsoft.Sql/servers/xamarindatos/firewallrules/AllowAllWindowsAzureIps"
      },
      {
        "id": "/subscriptions/3ef5bd41-6264-4097-a0b2-bfcaf57a5648/resourceGroups/xamarin/providers/Microsoft.Sql/servers/xamarindatos/firewallrules/ClientIp-2020-7-24_1-44-49"
      }
    ],
    "validationLevel": "Template"
  }
}